ethnicity,annotation,counts,total_counts,frequency
A,breakpoint_27,116,4988,0.023255813953488372
A,breakpoint_32,120,4988,0.024057738572574178
A,wt,4752,4988,0.9526864474739375
B,breakpoint_10,8,2543,0.00314589068029886
B,breakpoint_20,150,2543,0.058985450255603616
B,wt,2385,2543,0.9378686590640976
C,breakpoint_10,83,2469,0.033616848926690965
C,wt,2386,2469,0.9663831510733091
